<?xml version="1.0" encoding="UTF-8"?>
<!DOCTYPE suite SYSTEM "http://testng.org/testng-1.0.dtd">
<suite name="Second_example">       
       <test name="Sprint1_RTB">              
              <classes> 
                                              
                <class name="Enhancement_DCER1.Sprint1_RTB_TC1">
                    <methods>
                       <include name="ART_512" />                                                             
                     </methods>                        
                     </class>  
  		                                
              </classes>
       </test>
</suite> <!-- Suite -->
