<?xml version="1.0" encoding="UTF-8"?>
<!DOCTYPE suite SYSTEM "http://testng.org/testng-1.0.dtd">
<suite name="Second_example">       
       <test name="Sprint4_RTB">              
              <classes> 
                                              
                     <class name="pageTest_S4.Sprint4_RTB_TC1">
                           <methods>
                                  <include name="testcase1" />                              
                           </methods>                        
                     </class>  
                     
                     <class name="pageTest_S4.Sprint4_RTB_TC2">
                           <methods>
                                  <include name="testcase2" />                              
                           </methods>                        
                     </class>  
                     
                     <class name="pageTest_S4.Sprint4_RTB_TC3">
                           <methods>
                                  <include name="testcase3" />                              
                           </methods>                        
                     </class>  
                     
                      <class name="pageTest_S4.Sprint4_RTB_TC4">
                           <methods>
                                  <include name="testcase4" />                              
                           </methods>                        
                     </class>
                     
                      <class name="pageTest_S4.Sprint4_RTB_TC5">
                           <methods>
                                  <include name="testcase5" />                              
                           </methods>                        
                     </class>
                     
                     <class name="pageTest_S4.Sprint4_RTB_TC6">
                           <methods>
                                  <include name="testcase6" />                              
                           </methods>                        
                     </class>
                     
                      <class name="pageTest_S4.Sprint4_RTB_TC7">
                           <methods>
                                  <include name="testcase7" />                              
                           </methods>                        
                     </class>
                     
                     <class name="pageTest_S4.Sprint4_RTB_TC8">
                           <methods>
                                  <include name="testcase8" />                              
                           </methods>                        
                     </class>
                     
                     
                     <class name="pageTest_S4.Sprint4_RTB_TC9">
                           <methods>
                                  <include name="testcase9" />                              
                           </methods>                        
                     </class>
                     
                     <class name="pageTest_S4.Sprint4_RTB_TC10">
                           <methods>
                                  <include name="testcase10" />                              
                           </methods>                        
                     </class>
                     
                     
                     <class name="pageTest_S4.Sprint4_RTB_TC11">
                           <methods>
                                  <include name="testcase11" />                              
                           </methods>                        
                     </class>
                     
                     <class name="pageTest_S4.Sprint4_RTB_TC12">
                           <methods>
                                  <include name="testcase12" />                              
                           </methods>                        
                     </class>
                     
                     <class name="pageTest_S4.Sprint4_RTB_TC13">
                           <methods>
                                  <include name="testcase13" />                              
                           </methods>                        
                     </class>
                     
                     <class name="pageTest_S4.Sprint4_RTB_TC14">
                           <methods>
                                  <include name="testcase14" />                              
                           </methods>                        
                     </class>
                     
                     <class name="pageTest_S4.Sprint4_RTB_TC15">
                           <methods>
                                  <include name="testcase15" />                              
                           </methods>                        
                     </class>
                     
                     <class name="pageTest_S4.Sprint4_RTB_TC16">
                           <methods>
                                  <include name="testcase16" />                              
                           </methods>                        
                     </class>
                     
                          <class name="pageTest_S4.Sprint4_RTB_TC17">
                           <methods>
                                  <include name="testcase17" />                              
                           </methods>                        
                     </class>
                     
				                                
              </classes>
       </test>
</suite> <!-- Suite -->
