<?xml version="1.0" encoding="UTF-8"?>
<!DOCTYPE suite SYSTEM "http://testng.org/testng-1.0.dtd">
<suite name="Second_example">       
       <test name="Sprint3_RTB"> 
                    
              <classes> 
                                              
                     <class name="pageTest_S3.Sprint3_RTB_TC1">
                           <methods>
                                  <include name="ART_619" />                              
                           </methods>                        
                     </class>  
                     
                      <class name="pageTest_S3.Sprint3_RTB_TC2_1">
                           <methods>
                                  <include name="testcase2" />                              
                           </methods>                        
                     </class>
                     
                     <class name="pageTest_S3.Sprint3_RTB_TC3">
                           <methods>
                                  <include name="ART_620" />                              
                           </methods>                        
                     </class>
                     
                     <class name="pageTest_S3.Sprint3_RTB_TC4">
                           <methods>
                                  <include name="ART_622" />                              
                           </methods>                        
                     </class>
                     
                     <class name="pageTest_S3.Sprint3_RTB_TC5_1">
                           <methods>
                                  <include name="ART_623" />                              
                           </methods>                        
                     </class>
                     
                      <class name="pageTest_S3.Sprint3_RTB_TC7">
                           <methods>
                                  <include name="ART_624" />                              
                           </methods>                        
                     </class>
                     
                     <class name="pageTest_S3.Sprint3_RTB_TC8">
                           <methods>
                                  <include name="ART_625" />                              
                           </methods>                        
                     </class>
                     
                     <class name="pageTest_S3.Sprint3_RTB_TC9">
                           <methods>
                                  <include name="ART_626" />                              
                           </methods>                        
                     </class>
                     
                         <class name="pageTest_S3.Sprint3_RTB_TC11">
                           <methods>
                                  <include name="ART_628" />                              
                           </methods>                        
                     	</class>
                     	
                     	<class name="pageTest_S3.Sprint3_RTB_TC12">
                           <methods>
                                  <include name="ART_629" />                              
                           </methods>                        
                     	</class>
                     	
                     	<class name="pageTest_S3.Sprint3_RTB_TC13">
                           <methods>
                                  <include name="ART_630_1" />                              
                           </methods>                        
                     	</class>
                     	
                     	<class name="pageTest_S3.Sprint3_RTB_TC14">
                           <methods>
                                  <include name="ART_630_2" />                              
                           </methods>                        
                     	</class>
                     	
                     	<class name="pageTest_S3.Sprint3_RTB_TC18">
                           <methods>
                                  <include name="ART_634" />                              
                           </methods>                        
                     	</class>
                     	
                     	<class name="pageTest_S3.Sprint3_RTB_TC19">
                           <methods>
                                  <include name="ART_635" />                              
                           </methods>                        
                     	</class>
                     	
                     	
                     	<class name="pageTest_S3.Sprint3_RTB_TC20">
                           <methods>
                                  <include name="ART_636" />                              
                           </methods>                        
                     	</class>
                     	
                     	
                     	<class name="pageTest_S3.Sprint3_RTB_TC21">
                           <methods>
                                  <include name="ART_637" />                              
                           </methods>                        
                     	</class>
                     	
                     	<class name="pageTest_S3.Sprint3_RTB_TC22">
                           <methods>
                                  <include name="testcase22" />                              
                           </methods>                        
                     	</class>
                     	
                     	
                     	<class name="pageTest_S3.Sprint3_RTB_TC23">
                           <methods>
                                  <include name="testcase23" />                              
                           </methods>                        
                     	</class>
                     	
                     	<class name="pageTest_S3.Sprint3_RTB_TC24">
                           <methods>
                                  <include name="testcase24" />                              
                           </methods>                        
                     	</class>
                     	
                     	<class name="pageTest_S3.Sprint3_RTB_TC25">
                           <methods>
                                  <include name="testcase25" />                              
                           </methods>                        
                     	</class>
                     	
                     	<class name="pageTest_S3.Sprint3_RTB_TC26">
                           <methods>
                                  <include name="testcase26" />                              
                           </methods>                        
                     	</class>
                     	
                     	<class name="pageTest_S3.Sprint3_RTB_TC27">
                           <methods>
                                  <include name="testcase27" />                              
                           </methods>                        
                     	</class>
            		
				                                
              </classes>
       </test>
</suite> <!-- Suite -->
