<?xml version="1.0" encoding="UTF-8"?>
<!DOCTYPE suite SYSTEM "http://testng.org/testng-1.0.dtd">
<suite name="Second_example">       
       <test name="Sprint2_RTB"> 
       				            
              
              
              <classes>                                              
			
				<class
					name="pageTest_S2.Sprint2_RTB_TC1">
					<methods>
					<include name="ART_599_1" />					
					</methods>
				</class>	
				
				
				<class
					name="pageTest_S2.Sprint2_RTB_TC2">
					<methods>
					<include name="ART_599_2" />					
					</methods>
				</class>
				
				
				<class
					name="pageTest_S2.Sprint2_RTB_TC3">
					<methods>
					<include name="ART_600" />					
					</methods>
				</class>
					
				
				<class
					name="pageTest_S2.Sprint2_RTB_TC4">
					<methods>
					<include name="ART_601" />					
					</methods>
				</class>
				
				
				<class
					name="pageTest_S2.Sprint2_RTB_TC5">
					<methods>
					<include name="ART_602" />					
					</methods>
				</class>
				
				
				<class
					name="pageTest_S2.Sprint2_RTB_TC6">
					<methods>
					<include name="ART_603" />					
					</methods>
				</class>
				
				<class
					name="pageTest_S2.Sprint2_RTB_TC7">
					<methods>
					<include name="ART_605" />					
					</methods>
				</class>
				
				<class
					name="pageTest_S2.Sprint2_RTB_TC10">
					<methods>
					<include name="ART_606" />					
					</methods>
				</class>	
				
				
				<class
					name="pageTest_S2.Sprint2_RTB_TC11">
					<methods>
					<include name="ART_607" />					
					</methods>
				</class>
				
				<class
					name="pageTest_S2.Sprint2_RTB_TC13">
					<methods>
					<include name="ART_609" />					
					</methods>
				</class>	
				
				<class
					name="pageTest_S2.Sprint2_RTB_TC15">
					<methods>
					<include name="ART_610" />					
					</methods>
				</class>
				
				<class
					name="pageTest_S2.Sprint2_RTB_TC16">
					<methods>
					<include name="ART_611" />					
					</methods>
				</class>
				
					<class
					name="pageTest_S2.Sprint2_RTB_TC17">
					<methods>
					<include name="ART_612" />					
					</methods>
				</class>		
				
				
				
							
				</classes>
       </test>
</suite> <!-- Suite -->
