<?xml version="1.0" encoding="UTF-8"?>
<!DOCTYPE suite SYSTEM "http://testng.org/testng-1.0.dtd">
<suite name="Second_example">       
       <test name="Sprint1_RTB">              
              <classes> 
                                              
                <class name="pageTest.Sprint1_RTB_TC1">
                    <methods>
                       <include name="ART_512" />                                                             
                     </methods>                        
                     </class>  
                    
                <class name="pageTest.Sprint1_RTB_TC2">
				<methods>
					<include name="ART_513" />				 
					</methods>
					</class>  
			                     
                     <class name="pageTest.Sprint1_RTB_TC3">
				<methods>
					<include name="ART_514" />				 
					</methods>
					</class>  
			
			    <class name="pageTest.Sprint1_RTB_TC4">
				<methods>
					<include name="ART_515" />					  
					</methods>
				</class>
			
				<class name="pageTest.Sprint1_RTB_TC5">
				<methods>
					<include name="ART_516" />				 
					</methods>
				</class>
			
			
				<class name="pageTest.Sprint1_RTB_TC7">
				<methods>
					<include name="ART_518" />				 
					</methods>
				</class>
					
				<class name="pageTest.Sprint1_RTB_TC8_1">
				<methods>
					<include name="ART_519" />				 
					</methods>
				</class>
				
				<class name="pageTest.Sprint1_RTB_TC8_2">
				<methods>
					<include name="ART_520" />
				</methods>
				</class>
				
				<class name="pageTest.Sprint1_RTB_TC8_3">
				<methods>
					<include name="ART_521" />
				</methods>
				</class>

				                                
              </classes>
       </test>
</suite> <!-- Suite -->
